review_text,date,rating
Sharing videos with friends fails every single time.,2026-09-24,1
Using the premium plan since March.,2026-09-23,3
the redesign moved the library tab and now nothing makes sense.,2026-07-19,1
i updated to the latest version yesterday. Call me on +1 415-555-0163.,2026-09-13,3
Buttons are tiny and I keep hitting the wrong tab.,2026-07-12,3
subtitles vanish whenever I resume a paused video.,2026-07-25,1
FYI payment page errors out whenever I try to add a new card.,2026-09-08,3
Update: friendly community and replying to comments is easy.,2026-08-05,5
"Seriously, Whenever I tap pause on a stream the whole app freezes.",2026-09-12,3
I updated to the latest version yesterday.,2026-07-20,3
"Since the last update, refund came through within two days, thanks!",2026-08-04,5
The picture is stuck at low resolution on live streams.,2026-08-23,2
"Seriously, no crashes at all since the last update. Seen from IP 192.168.1.31.",2026-07-15,5
"video keeps buffering at the worst moment, even on fibre internet.",2026-07-30,2
Update: It force closes every time I switch apps and come back.,2026-07-23,3
"Honestly, Battery drain is awful, my phone gets hot within minutes.",2026-09-12,2
the comment section never loads on live streams.,2026-09-13,2
the free trial turned into a paid plan without any reminder.,2026-07-06,1
"Seriously, No crashes at all since the last update.",2026-08-11,5
"Video keeps buffering at the worst moment, even on fibre internet.",2026-09-25,2
search never shows the video I'm looking for.,2026-09-22,3
i updated to the latest version yesterday.,2026-07-16,3
FYI whenever I tap pause on a stream the whole app freezes.,2026-09-21,2
The free trial turned into a paid plan without any reminder.,2026-07-26,2
"Update: I can't find the settings anywhere, the menu layout is confusing.",2026-08-29,3
"Since the last update, replies to my comments disappear after a refresh.",2026-09-07,1
"FYI fast, stable and easy on the battery.",2026-09-28,4
"Since the last update, no crashes at all since the last update.",2026-08-18,4
the app has five tabs along the bottom.,2026-08-02,3
sharing videos with friends fails every single time.,2026-08-18,3
"Honestly, smooth playback and sharp picture quality.",2026-08-07,5
"Seriously, fair pricing and cancelling was painless.",2026-09-21,5
friendly community and replying to comments is easy.,2026-09-13,4
"Since the last update, Love the dark mode and the new home screen.",2026-09-15,5
"Seriously, subtitles vanish whenever I resume a paused video.",2026-09-04,1
"Honestly, replies to my comments disappear after a refresh.",2026-08-09,3
"Seriously, Streaming has been flawless on my TV.",2026-07-26,5
"Everything is slow and laggy, even scrolling the home page.",2026-08-02,3
FYI Smooth playback and sharp picture quality.,2026-09-24,5
FYI I got charged twice for my monthly subscription.,2026-09-23,1
FYI search never shows the video I'm looking for.,2026-08-31,2
fair pricing and cancelling was painless.,2026-08-06,5
"Honestly, sharing videos with friends fails every single time.",2026-09-12,1
the app has five tabs along the bottom.,2026-08-03,3
audio drifts out of sync after about ten minutes of playback.,2026-08-07,2
"Since the last update, i updated to the latest version yesterday.",2026-08-22,3
FYI i got charged twice for my monthly subscription.,2026-08-13,2
Buttons are tiny and I keep hitting the wrong tab.,2026-09-02,3
i mostly watch on my tablet in the evening.,2026-09-08,3
"Seriously, Sharing videos with friends fails every single time.",2026-07-28,2
I got charged twice for my monthly subscription.,2026-09-22,2
whenever I tap pause on a stream the whole app freezes. Email me at priya.11@example.com if you need details.,2026-08-19,2
Update: I updated to the latest version yesterday. Reach me at 98765 43224.,2026-09-11,3
"Update: i can't post comments on some channels, the send button does nothing.",2026-07-29,2
"Update: Refund came through within two days, thanks! Reach me at 98765 43280.",2026-09-07,4
"Seriously, sharing videos with friends fails every single time.",2026-08-12,1
"Honestly, the app has five tabs along the bottom.",2026-07-12,3
I got charged twice for my monthly subscription.,2026-08-30,1
Update: whenever I tap pause on a stream the whole app freezes.,2026-09-26,2
replies to my comments disappear after a refresh.,2026-08-20,2
"Honestly, The app has five tabs along the bottom.",2026-08-23,3
"Seriously, The comment section never loads on live streams.",2026-07-29,2
Update: Friendly community and replying to comments is easy.,2026-07-18,4
"Honestly, The picture is stuck at low resolution on live streams.",2026-07-26,2
"Seriously, using the premium plan since March.",2026-07-30,3
"Seriously, Search never shows the video I'm looking for.",2026-07-29,1
Subtitles vanish whenever I resume a paused video. Reach me at 98765 43223.,2026-08-14,1
clean design and very easy to navigate.,2026-10-01,5
Subtitles vanish whenever I resume a paused video.,2026-08-02,3
"Honestly, the picture is stuck at low resolution on live streams.",2026-08-04,1
Update: The app crashes right after the splash screen since the last update.,2026-07-11,2
Update: search never shows the video I'm looking for.,2026-09-14,2
audio drifts out of sync after about ten minutes of playback.,2026-08-25,2
"FYI Refund came through within two days, thanks!",2026-07-23,5
"Update: audio drifts out of sync after about ten minutes of playback. My SSN 123-45-6789 is on the invoice, please fix.",2026-08-13,1
The comment section never loads on live streams.,2026-08-29,3
Update: Using the premium plan since March.,2026-09-02,3
It force closes every time I switch apps and come back.,2026-07-06,1
"Since the last update, cancelled the plan but still got billed, and support will not refund me.",2026-08-20,2
"Honestly, Payment page errors out whenever I try to add a new card.",2026-08-25,1
audio drifts out of sync after about ten minutes of playback.,2026-08-27,2
The app has five tabs along the bottom.,2026-08-26,3
"Seriously, friendly community and replying to comments is easy.",2026-08-15,5
"Seriously, fast, stable and easy on the battery.",2026-09-25,5
FYI I updated to the latest version yesterday.,2026-08-26,3
FYI search never shows the video I'm looking for.,2026-08-24,1
Update: payment page errors out whenever I try to add a new card.,2026-08-12,1
FYI the comment section never loads on live streams.,2026-08-20,1
"Seriously, I updated to the latest version yesterday.",2026-08-31,3
"Honestly, i got charged twice for my monthly subscription.",2026-07-21,2
"Seriously, audio drifts out of sync after about ten minutes of playback.",2026-08-19,2
"Since the last update, No crashes at all since the last update.",2026-07-26,5
"Honestly, friendly community and replying to comments is easy.",2026-08-05,5
i got charged twice for my monthly subscription.,2026-08-02,1
I updated to the latest version yesterday.,2026-07-26,3
"Honestly, I updated to the latest version yesterday.",2026-09-12,3
Audio drifts out of sync after about ten minutes of playback.,2026-09-02,1
Update: the picture is stuck at low resolution on live streams.,2026-09-17,1
"Update: cancelled the plan but still got billed, and support will not refund me.",2026-10-01,2
"Since the last update, payment page errors out whenever I try to add a new card.",2026-09-01,2
Audio drifts out of sync after about ten minutes of playback.,2026-07-07,2
"Seriously, streaming has been flawless on my TV.",2026-09-27,4
"Seriously, no crashes at all since the last update. My card 4111 1111 1111 1111 was charged.",2026-09-23,5
"Honestly, replies to my comments disappear after a refresh.",2026-08-25,1
the redesign moved the library tab and now nothing makes sense.,2026-07-08,3
"search never shows the video I'm looking for. My SSN 123-45-6789 is on the invoice, please fix.",2026-09-25,2
"Since the last update, Sharing clips with friends is great.",2026-09-10,5
Update: sharing videos with friends fails every single time.,2026-08-20,1
Update: Whenever I tap pause on a stream the whole app freezes.,2026-09-16,1
Update: sharing videos with friends fails every single time.,2026-08-02,2
"Since the last update, the redesign moved the library tab and now nothing makes sense.",2026-08-02,1
"everything is slow and laggy, even scrolling the home page. Email me at sam.42@example.com if you need details.",2026-09-07,2
Update: love the dark mode and the new home screen.,2026-07-15,5
The free trial turned into a paid plan without any reminder. Call me on +1 415-555-0170.,2026-08-03,2
Update: i updated to the latest version yesterday.,2026-09-15,3
using the premium plan since March.,2026-09-12,3
"Since the last update, Refund came through within two days, thanks!",2026-08-12,5
sharing clips with friends is great.,2026-08-21,4
Update: The app crashes right after the splash screen since the last update.,2026-08-09,1
"everything is slow and laggy, even scrolling the home page.",2026-07-07,1
"Update: i can't find the settings anywhere, the menu layout is confusing.",2026-08-15,2
"Honestly, Cancelled the plan but still got billed, and support will not refund me.",2026-09-12,2
search never shows the video I'm looking for.,2026-08-31,2
The comment section never loads on live streams. Call me on +1 415-555-0157.,2026-09-26,2
Using the premium plan since March.,2026-07-19,3
the picture is stuck at low resolution on live streams.,2026-07-08,3
"Since the last update, i mostly watch on my tablet in the evening. My card 4111 1111 1111 1111 was charged.",2026-09-05,3
"Honestly, I mostly watch on my tablet in the evening.",2026-08-10,3
"Honestly, Sharing clips with friends is great.",2026-07-23,4
The app crashes right after the splash screen since the last update.,2026-08-12,2
Update: no crashes at all since the last update.,2026-08-23,5
"refund came through within two days, thanks!",2026-08-12,5
friendly community and replying to comments is easy.,2026-09-20,5
Payment page errors out whenever I try to add a new card. Call me on +1 415-555-0160.,2026-09-20,1
"Since the last update, cancelled the plan but still got billed, and support will not refund me.",2026-09-10,1
"Seriously, i mostly watch on my tablet in the evening.",2026-09-06,3
audio drifts out of sync after about ten minutes of playback.,2026-07-14,2
"Seriously, friendly community and replying to comments is easy.",2026-09-08,5
audio drifts out of sync after about ten minutes of playback.,2026-09-12,3
the comment section never loads on live streams.,2026-07-17,3
"Honestly, payment page errors out whenever I try to add a new card.",2026-08-15,2
"everything is slow and laggy, even scrolling the home page.",2026-08-05,1
"Seriously, Fast, stable and easy on the battery. My card 4111 1111 1111 1111 was charged.",2026-09-20,5
Clean design and very easy to navigate.,2026-08-22,4
"Seriously, Clean design and very easy to navigate. Email me at alex.98@example.com if you need details.",2026-09-17,4
"Honestly, Battery drain is awful, my phone gets hot within minutes.",2026-07-15,1
Update: sharing clips with friends is great.,2026-07-29,5
"Honestly, i updated to the latest version yesterday.",2026-09-01,3
"Seriously, Video keeps buffering at the worst moment, even on fibre internet.",2026-08-27,1
"Fast, stable and easy on the battery.",2026-08-16,5
i updated to the latest version yesterday.,2026-07-13,3
Update: the app has five tabs along the bottom.,2026-07-20,3
"Honestly, I got charged twice for my monthly subscription.",2026-09-25,2
"Since the last update, Buttons are tiny and I keep hitting the wrong tab.",2026-09-03,2
"Since the last update, The redesign moved the library tab and now nothing makes sense.",2026-09-02,2
smooth playback and sharp picture quality.,2026-07-27,4
Update: Sharing videos with friends fails every single time.,2026-07-14,3
"Honestly, Friendly community and replying to comments is easy.",2026-09-23,4
"Refund came through within two days, thanks!",2026-07-22,5
FYI i updated to the latest version yesterday.,2026-10-01,3
"i can't find the settings anywhere, the menu layout is confusing.",2026-09-18,2
"Seriously, search never shows the video I'm looking for.",2026-07-11,1
"Update: Everything is slow and laggy, even scrolling the home page.",2026-09-25,3
i updated to the latest version yesterday.,2026-08-03,3
"everything is slow and laggy, even scrolling the home page.",2026-09-27,1
"Seriously, i got charged twice for my monthly subscription.",2026-09-04,2
"Update: i can't find the settings anywhere, the menu layout is confusing.",2026-09-06,1
"Honestly, the app has five tabs along the bottom.",2026-09-01,3
The redesign moved the library tab and now nothing makes sense.,2026-09-02,2
"Cancelled the plan but still got billed, and support will not refund me.",2026-09-28,2
Search never shows the video I'm looking for. Call me on +1 415-555-0192.,2026-07-12,2
"Since the last update, whenever I tap pause on a stream the whole app freezes.",2026-07-25,1
"Seriously, I mostly watch on my tablet in the evening.",2026-09-05,3
FYI Whenever I tap pause on a stream the whole app freezes.,2026-07-11,2
Update: The free trial turned into a paid plan without any reminder.,2026-08-26,2
FYI the free trial turned into a paid plan without any reminder.,2026-09-28,3
streaming has been flawless on my TV.,2026-09-25,5
Update: The comment section never loads on live streams.,2026-07-26,3
FYI Whenever I tap pause on a stream the whole app freezes.,2026-09-08,2
Update: The app has five tabs along the bottom.,2026-09-04,3
FYI Using the premium plan since March.,2026-07-12,3
"Since the last update, fast, stable and easy on the battery.",2026-08-12,5
"Seriously, I mostly watch on my tablet in the evening.",2026-08-24,3
"Honestly, search never shows the video I'm looking for.",2026-07-17,2
"Since the last update, Clean design and very easy to navigate.",2026-08-05,5
FYI fair pricing and cancelling was painless.,2026-09-15,5
"Update: I can't post comments on some channels, the send button does nothing.",2026-08-31,2
"Honestly, love the dark mode and the new home screen.",2026-08-29,4
I mostly watch on my tablet in the evening.,2026-09-12,3
Update: the app has five tabs along the bottom.,2026-09-18,3
"Seriously, streaming has been flawless on my TV. Seen from IP 192.168.1.98.",2026-09-03,4
payment page errors out whenever I try to add a new card.,2026-08-11,1
"Seriously, sharing videos with friends fails every single time.",2026-07-10,3
Using the premium plan since March.,2026-08-22,3
"Seriously, Audio drifts out of sync after about ten minutes of playback.",2026-08-08,1
subtitles vanish whenever I resume a paused video.,2026-08-13,2
"Honestly, Smooth playback and sharp picture quality.",2026-09-06,5
"Honestly, subtitles vanish whenever I resume a paused video.",2026-07-12,2
"FYI refund came through within two days, thanks!",2026-09-08,5
subtitles vanish whenever I resume a paused video.,2026-08-11,2
"Since the last update, audio drifts out of sync after about ten minutes of playback.",2026-08-24,2
FYI clean design and very easy to navigate.,2026-09-23,5
"Honestly, Sharing clips with friends is great.",2026-07-12,5
no crashes at all since the last update.,2026-09-02,5
"battery drain is awful, my phone gets hot within minutes. Reach me at 98765 43255.",2026-08-31,2
"Seriously, Refund came through within two days, thanks!",2026-08-16,5
payment page errors out whenever I try to add a new card.,2026-09-14,1
"Honestly, I got charged twice for my monthly subscription.",2026-08-30,1
clean design and very easy to navigate.,2026-09-12,4
"everything is slow and laggy, even scrolling the home page.",2026-07-05,3
audio drifts out of sync after about ten minutes of playback.,2026-09-14,1
"FYI I can't find the settings anywhere, the menu layout is confusing.",2026-08-31,2
"Since the last update, i can't find the settings anywhere, the menu layout is confusing.",2026-07-30,1
"Seriously, No crashes at all since the last update.",2026-08-16,5
smooth playback and sharp picture quality.,2026-09-19,5
"Honestly, everything is slow and laggy, even scrolling the home page.",2026-08-19,1
"Honestly, the free trial turned into a paid plan without any reminder.",2026-08-08,2
"Since the last update, the picture is stuck at low resolution on live streams.",2026-07-29,2
"Honestly, the app has five tabs along the bottom.",2026-08-20,3
"Cancelled the plan but still got billed, and support will not refund me.",2026-07-23,3
"Seriously, i mostly watch on my tablet in the evening.",2026-09-26,3
"Seriously, The app crashes right after the splash screen since the last update.",2026-07-04,3
FYI Smooth playback and sharp picture quality.,2026-09-08,4
I updated to the latest version yesterday.,2026-09-14,3
love the dark mode and the new home screen. Email me at priya.82@example.com if you need details.,2026-07-11,5
Audio drifts out of sync after about ten minutes of playback.,2026-08-09,3
it force closes every time I switch apps and come back.,2026-07-09,1
"Seriously, I updated to the latest version yesterday.",2026-08-02,3
The comment section never loads on live streams.,2026-09-16,2
"Honestly, I mostly watch on my tablet in the evening.",2026-09-29,3
Search never shows the video I'm looking for.,2026-07-05,2
Update: i mostly watch on my tablet in the evening.,2026-08-30,3
I mostly watch on my tablet in the evening. Reach me at 98765 43289.,2026-09-21,3
"cancelled the plan but still got billed, and support will not refund me.",2026-07-20,2
"fast, stable and easy on the battery.",2026-09-11,4
FYI no crashes at all since the last update.,2026-07-21,5
"Since the last update, I got charged twice for my monthly subscription.",2026-07-17,3
"Seriously, love the dark mode and the new home screen.",2026-07-16,4
sharing clips with friends is great.,2026-08-08,5
the picture is stuck at low resolution on live streams.,2026-07-23,1
no crashes at all since the last update.,2026-09-06,5
sharing clips with friends is great.,2026-09-05,5
"Seriously, i mostly watch on my tablet in the evening.",2026-07-25,3
Update: smooth playback and sharp picture quality.,2026-07-18,5
"i can't post comments on some channels, the send button does nothing.",2026-07-21,1
search never shows the video I'm looking for.,2026-09-18,1
"Since the last update, The app crashes right after the splash screen since the last update.",2026-07-27,1
FYI smooth playback and sharp picture quality.,2026-08-27,4
"everything is slow and laggy, even scrolling the home page.",2026-09-08,2
"Since the last update, whenever I tap pause on a stream the whole app freezes.",2026-09-23,1
I updated to the latest version yesterday.,2026-07-21,3
subtitles vanish whenever I resume a paused video.,2026-08-15,2
Using the premium plan since March.,2026-08-17,3
"Update: i can't find the settings anywhere, the menu layout is confusing. Call me on +1 415-555-0110.",2026-09-06,1
"refund came through within two days, thanks!",2026-08-30,5
payment page errors out whenever I try to add a new card.,2026-09-13,2
FYI i mostly watch on my tablet in the evening.,2026-09-11,3
using the premium plan since March.,2026-09-14,3
streaming has been flawless on my TV.,2026-08-21,4
"Since the last update, Fast, stable and easy on the battery.",2026-09-24,5
"everything is slow and laggy, even scrolling the home page.",2026-08-31,2
the free trial turned into a paid plan without any reminder.,2026-08-22,2
the app crashes right after the splash screen since the last update.,2026-08-26,1
Update: replies to my comments disappear after a refresh.,2026-09-19,2
"Update: Everything is slow and laggy, even scrolling the home page.",2026-09-29,1
"buttons are tiny and I keep hitting the wrong tab. My SSN 123-45-6789 is on the invoice, please fix.",2026-08-16,3
"Everything is slow and laggy, even scrolling the home page.",2026-07-27,2
Friendly community and replying to comments is easy.,2026-07-30,5
"Honestly, friendly community and replying to comments is easy.",2026-09-23,4
love the dark mode and the new home screen.,2026-07-12,5
I updated to the latest version yesterday.,2026-08-01,3
"Since the last update, Cancelled the plan but still got billed, and support will not refund me.",2026-08-15,1
FYI The picture is stuck at low resolution on live streams.,2026-08-31,3
"refund came through within two days, thanks!",2026-07-30,5
Subtitles vanish whenever I resume a paused video.,2026-09-20,3
"Update: i can't post comments on some channels, the send button does nothing.",2026-09-28,1
FYI replies to my comments disappear after a refresh.,2026-09-18,1
"Update: Video keeps buffering at the worst moment, even on fibre internet.",2026-07-19,1
i got charged twice for my monthly subscription.,2026-07-24,1
"FYI i can't post comments on some channels, the send button does nothing.",2026-09-29,3
"Seriously, I updated to the latest version yesterday.",2026-09-25,3
"Since the last update, refund came through within two days, thanks!",2026-07-21,4
"refund came through within two days, thanks!",2026-07-06,5
"Seriously, Using the premium plan since March.",2026-07-26,3
payment page errors out whenever I try to add a new card.,2026-08-12,1
"fast, stable and easy on the battery.",2026-07-14,4
"i can't find the settings anywhere, the menu layout is confusing.",2026-09-30,3
Update: the picture is stuck at low resolution on live streams.,2026-09-16,1
FYI Buttons are tiny and I keep hitting the wrong tab.,2026-07-28,1
Update: payment page errors out whenever I try to add a new card.,2026-09-20,3
"Honestly, refund came through within two days, thanks!",2026-08-16,5
FYI buttons are tiny and I keep hitting the wrong tab.,2026-09-28,3
"Seriously, i can't post comments on some channels, the send button does nothing. My card 4111 1111 1111 1111 was charged.",2026-08-21,3
"Honestly, battery drain is awful, my phone gets hot within minutes. Email me at sam.80@example.com if you need details.",2026-09-23,2
"refund came through within two days, thanks!",2026-08-17,5
smooth playback and sharp picture quality.,2026-08-17,5
replies to my comments disappear after a refresh.,2026-07-13,3
sharing clips with friends is great.,2026-07-19,4
"Update: Everything is slow and laggy, even scrolling the home page.",2026-08-05,2
"Since the last update, refund came through within two days, thanks!",2026-07-17,5
"Seriously, i got charged twice for my monthly subscription.",2026-07-25,2
"Seriously, sharing videos with friends fails every single time.",2026-08-20,3
"Honestly, search never shows the video I'm looking for.",2026-09-30,2
Update: payment page errors out whenever I try to add a new card.,2026-07-27,2
"Since the last update, No crashes at all since the last update.",2026-08-18,5
"Honestly, Whenever I tap pause on a stream the whole app freezes.",2026-07-29,3
"Seriously, search never shows the video I'm looking for.",2026-07-14,1
The app has five tabs along the bottom.,2026-08-16,3
The app has five tabs along the bottom.,2026-08-25,3
love the dark mode and the new home screen.,2026-09-05,5
Sharing videos with friends fails every single time.,2026-07-13,1
streaming has been flawless on my TV.,2026-07-23,4
Payment page errors out whenever I try to add a new card.,2026-07-30,1
love the dark mode and the new home screen.,2026-09-16,5
"I can't find the settings anywhere, the menu layout is confusing.",2026-07-27,1
it force closes every time I switch apps and come back.,2026-09-01,1
The comment section never loads on live streams.,2026-08-05,2
"Seriously, Smooth playback and sharp picture quality.",2026-07-14,4
the comment section never loads on live streams. Seen from IP 192.168.1.63.,2026-07-16,1
"Seriously, the app crashes right after the splash screen since the last update.",2026-08-11,1
i updated to the latest version yesterday.,2026-09-10,3
"Seriously, the comment section never loads on live streams.",2026-07-25,2
"Seriously, The app has five tabs along the bottom.",2026-08-08,3
"Honestly, fair pricing and cancelling was painless.",2026-09-01,5
i got charged twice for my monthly subscription.,2026-09-20,2
FYI search never shows the video I'm looking for.,2026-09-01,3
"Seriously, cancelled the plan but still got billed, and support will not refund me.",2026-08-02,2
Update: sharing videos with friends fails every single time.,2026-08-15,1
"Everything is slow and laggy, even scrolling the home page.",2026-08-28,1
"fast, stable and easy on the battery. Reach me at 98765 43298.",2026-09-09,5
Sharing clips with friends is great.,2026-08-16,4
Update: Fair pricing and cancelling was painless.,2026-09-15,4
"Seriously, no crashes at all since the last update.",2026-07-13,5
Update: Using the premium plan since March. Reach me at 98765 43298.,2026-08-18,3
FYI i mostly watch on my tablet in the evening.,2026-08-11,3
"video keeps buffering at the worst moment, even on fibre internet.",2026-09-03,2
streaming has been flawless on my TV.,2026-08-24,4
subtitles vanish whenever I resume a paused video.,2026-07-27,2
"battery drain is awful, my phone gets hot within minutes.",2026-07-19,1
Smooth playback and sharp picture quality.,2026-09-05,5
"Seriously, fair pricing and cancelling was painless.",2026-09-20,5
FYI It force closes every time I switch apps and come back.,2026-09-05,2
"Honestly, Search never shows the video I'm looking for.",2026-07-22,2
Update: search never shows the video I'm looking for.,2026-09-10,1
Update: The app crashes right after the splash screen since the last update.,2026-07-31,1
FYI Friendly community and replying to comments is easy.,2026-08-18,4
"Honestly, friendly community and replying to comments is easy.",2026-09-16,5
"FYI i can't post comments on some channels, the send button does nothing.",2026-09-17,3
"Honestly, Streaming has been flawless on my TV. My card 4111 1111 1111 1111 was charged.",2026-09-17,5
"Since the last update, fast, stable and easy on the battery.",2026-08-16,4
"i can't find the settings anywhere, the menu layout is confusing.",2026-07-31,1
FYI the free trial turned into a paid plan without any reminder.,2026-07-24,1
Update: i got charged twice for my monthly subscription. Reach me at 98765 43213.,2026-08-12,2
"Refund came through within two days, thanks!",2026-08-23,4
"Since the last update, refund came through within two days, thanks!",2026-09-14,4
The free trial turned into a paid plan without any reminder.,2026-07-13,1
i updated to the latest version yesterday.,2026-07-30,3
"Honestly, Fair pricing and cancelling was painless.",2026-07-12,4
i mostly watch on my tablet in the evening.,2026-09-04,3
"Seriously, Smooth playback and sharp picture quality.",2026-07-09,5
"FYI Battery drain is awful, my phone gets hot within minutes.",2026-09-09,1
"Seriously, using the premium plan since March. My SSN 123-45-6789 is on the invoice, please fix.",2026-07-21,3
FYI subtitles vanish whenever I resume a paused video.,2026-07-13,2
I updated to the latest version yesterday.,2026-08-20,3
"FYI Refund came through within two days, thanks!",2026-08-19,5
"FYI Video keeps buffering at the worst moment, even on fibre internet.",2026-07-19,1
"Honestly, the redesign moved the library tab and now nothing makes sense.",2026-09-17,2
Update: The comment section never loads on live streams.,2026-07-08,1
"FYI everything is slow and laggy, even scrolling the home page.",2026-07-04,3
"i can't find the settings anywhere, the menu layout is confusing.",2026-07-29,2
FYI subtitles vanish whenever I resume a paused video.,2026-09-07,1
"video keeps buffering at the worst moment, even on fibre internet.",2026-08-15,2
Update: Search never shows the video I'm looking for.,2026-08-08,2
"Honestly, I mostly watch on my tablet in the evening.",2026-08-17,3
i got charged twice for my monthly subscription.,2026-07-26,2
i updated to the latest version yesterday.,2026-07-23,3
"Honestly, i can't find the settings anywhere, the menu layout is confusing.",2026-07-05,1
the redesign moved the library tab and now nothing makes sense.,2026-08-29,1
buttons are tiny and I keep hitting the wrong tab.,2026-07-05,2
"refund came through within two days, thanks!",2026-07-31,4
whenever I tap pause on a stream the whole app freezes.,2026-09-11,1
no crashes at all since the last update.,2026-09-04,4
the comment section never loads on live streams.,2026-08-20,1
"battery drain is awful, my phone gets hot within minutes.",2026-08-20,2
Sharing videos with friends fails every single time.,2026-09-13,3
Update: i got charged twice for my monthly subscription.,2026-07-26,3
the comment section never loads on live streams.,2026-07-12,3
"Honestly, The picture is stuck at low resolution on live streams.",2026-08-24,2
"Since the last update, the app has five tabs along the bottom.",2026-07-23,3
"Since the last update, fair pricing and cancelling was painless.",2026-08-01,5
"I can't post comments on some channels, the send button does nothing.",2026-07-08,2
Update: It force closes every time I switch apps and come back.,2026-09-13,3
"Since the last update, The free trial turned into a paid plan without any reminder.",2026-07-19,3
Update: using the premium plan since March.,2026-08-17,3
i updated to the latest version yesterday.,2026-09-09,3
Update: i got charged twice for my monthly subscription.,2026-09-04,1
"Update: Everything is slow and laggy, even scrolling the home page.",2026-09-24,3
I mostly watch on my tablet in the evening.,2026-07-20,3
Update: The comment section never loads on live streams.,2026-09-28,1
"Seriously, i got charged twice for my monthly subscription.",2026-08-09,2
"Seriously, streaming has been flawless on my TV.",2026-09-30,5
"Seriously, the free trial turned into a paid plan without any reminder.",2026-09-29,1
"Since the last update, the comment section never loads on live streams.",2026-07-06,2
"Since the last update, search never shows the video I'm looking for.",2026-08-29,3
"Update: fast, stable and easy on the battery.",2026-08-16,5
"cancelled the plan but still got billed, and support will not refund me.",2026-08-16,2
Sharing videos with friends fails every single time.,2026-07-24,1
"Since the last update, Search never shows the video I'm looking for.",2026-09-11,2
"FYI cancelled the plan but still got billed, and support will not refund me.",2026-08-18,2
FYI i updated to the latest version yesterday.,2026-09-28,3
"Since the last update, Whenever I tap pause on a stream the whole app freezes.",2026-08-14,2
"Update: Everything is slow and laggy, even scrolling the home page.",2026-08-07,1
"Seriously, cancelled the plan but still got billed, and support will not refund me.",2026-07-30,2
Update: Search never shows the video I'm looking for.,2026-08-26,2
audio drifts out of sync after about ten minutes of playback.,2026-07-17,1
using the premium plan since March.,2026-08-16,3
"everything is slow and laggy, even scrolling the home page.",2026-09-17,2
"video keeps buffering at the worst moment, even on fibre internet.",2026-09-10,2
"Since the last update, the app crashes right after the splash screen since the last update.",2026-09-27,2
the comment section never loads on live streams.,2026-07-04,1
Whenever I tap pause on a stream the whole app freezes.,2026-07-31,2
I updated to the latest version yesterday.,2026-07-24,3
"Since the last update, i can't find the settings anywhere, the menu layout is confusing.",2026-09-22,3
"Update: I can't post comments on some channels, the send button does nothing. My card 4111 1111 1111 1111 was charged.",2026-09-06,1
"battery drain is awful, my phone gets hot within minutes.",2026-07-10,2
Update: the free trial turned into a paid plan without any reminder.,2026-07-24,2
"Seriously, Sharing videos with friends fails every single time.",2026-07-12,2
"Seriously, buttons are tiny and I keep hitting the wrong tab.",2026-07-09,3
"Seriously, i can't find the settings anywhere, the menu layout is confusing.",2026-08-06,1
payment page errors out whenever I try to add a new card.,2026-08-02,3
"Seriously, the redesign moved the library tab and now nothing makes sense.",2026-08-12,1
"Since the last update, The app has five tabs along the bottom.",2026-07-24,3
FYI love the dark mode and the new home screen.,2026-08-01,5
"Since the last update, the comment section never loads on live streams.",2026-08-16,3
"I can't post comments on some channels, the send button does nothing.",2026-08-16,2
"fast, stable and easy on the battery.",2026-08-16,5
buttons are tiny and I keep hitting the wrong tab.,2026-08-05,2
No crashes at all since the last update. Call me on +1 415-555-0172.,2026-07-27,5
"Since the last update, love the dark mode and the new home screen.",2026-07-22,5
buttons are tiny and I keep hitting the wrong tab.,2026-08-27,1
"Honestly, the app has five tabs along the bottom.",2026-09-20,3
the app crashes right after the splash screen since the last update.,2026-08-25,1
FYI fair pricing and cancelling was painless.,2026-08-25,5
Update: i updated to the latest version yesterday.,2026-07-19,3
"Since the last update, Search never shows the video I'm looking for.",2026-08-20,3
FYI i mostly watch on my tablet in the evening.,2026-08-09,3
FYI whenever I tap pause on a stream the whole app freezes.,2026-08-07,3
"FYI everything is slow and laggy, even scrolling the home page.",2026-07-28,1
"Honestly, smooth playback and sharp picture quality.",2026-07-06,5
Payment page errors out whenever I try to add a new card.,2026-09-22,2
whenever I tap pause on a stream the whole app freezes.,2026-09-24,2
sharing clips with friends is great.,2026-09-14,5
i mostly watch on my tablet in the evening.,2026-07-27,3
Update: using the premium plan since March.,2026-08-13,3
"Seriously, Payment page errors out whenever I try to add a new card.",2026-08-31,3
Update: i updated to the latest version yesterday.,2026-09-25,3
payment page errors out whenever I try to add a new card.,2026-08-19,2
"I can't find the settings anywhere, the menu layout is confusing.",2026-07-21,2
FYI streaming has been flawless on my TV.,2026-09-05,4
FYI love the dark mode and the new home screen.,2026-09-24,5
whenever I tap pause on a stream the whole app freezes.,2026-07-22,1
Update: sharing clips with friends is great.,2026-09-11,4
the comment section never loads on live streams.,2026-09-25,2
Payment page errors out whenever I try to add a new card.,2026-09-14,2
"Since the last update, Battery drain is awful, my phone gets hot within minutes.",2026-08-29,1
"Seriously, I can't post comments on some channels, the send button does nothing.",2026-09-12,1
FYI Friendly community and replying to comments is easy.,2026-08-07,4
"Since the last update, The app crashes right after the splash screen since the last update.",2026-09-05,1
Update: i mostly watch on my tablet in the evening.,2026-07-30,3
"Honestly, i mostly watch on my tablet in the evening.",2026-08-24,3
"i can't find the settings anywhere, the menu layout is confusing.",2026-09-02,1
I got charged twice for my monthly subscription.,2026-09-12,3
"Since the last update, smooth playback and sharp picture quality.",2026-08-20,5
friendly community and replying to comments is easy.,2026-07-23,5
"Sharing videos with friends fails every single time. My SSN 123-45-6789 is on the invoice, please fix.",2026-07-11,2
"Since the last update, No crashes at all since the last update.",2026-07-09,4
the app has five tabs along the bottom.,2026-08-29,3
FYI the comment section never loads on live streams.,2026-09-16,1
"i can't post comments on some channels, the send button does nothing.",2026-09-06,3
"Honestly, search never shows the video I'm looking for.",2026-09-30,1
"Honestly, audio drifts out of sync after about ten minutes of playback.",2026-09-10,3
"Seriously, I got charged twice for my monthly subscription.",2026-09-16,2
"Honestly, Search never shows the video I'm looking for.",2026-09-22,1
whenever I tap pause on a stream the whole app freezes.,2026-08-03,1
"Seriously, the comment section never loads on live streams. Call me on +1 415-555-0175.",2026-07-07,2
"Honestly, cancelled the plan but still got billed, and support will not refund me.",2026-09-23,1
i updated to the latest version yesterday.,2026-08-20,3
"Honestly, I mostly watch on my tablet in the evening.",2026-08-10,3
"FYI Cancelled the plan but still got billed, and support will not refund me.",2026-07-05,2
FYI I mostly watch on my tablet in the evening.,2026-07-12,3
Love the dark mode and the new home screen.,2026-08-30,5
FYI friendly community and replying to comments is easy.,2026-07-20,4
"Seriously, i mostly watch on my tablet in the evening.",2026-07-06,3
"refund came through within two days, thanks!",2026-08-19,5
Update: no crashes at all since the last update.,2026-09-17,4
"Seriously, i updated to the latest version yesterday.",2026-08-04,3
"Since the last update, search never shows the video I'm looking for.",2026-07-14,1
i got charged twice for my monthly subscription.,2026-07-25,2
smooth playback and sharp picture quality.,2026-09-08,5
"cancelled the plan but still got billed, and support will not refund me.",2026-07-15,2
